{
  "mean": [
    0.3414988579026901,
    -0.5316514426717647,
    -1.4033959653007
  ],
  "cov": [
    [
      0.0004637643544135881,
      0.004580390341184565,
      -0.012810965530259866
    ],
    [
      0.0045803903411846085,
      0.04827953262905422,
      -0.1400644655181152
    ],
    [
      -0.01281096553025999,
      -0.1400644655181152,
      0.4224118541268352
    ]
  ]
}